Дата;Тип транзакции;Статус;Сумма
2019-11-11 10:48:11;Пополнение;1;123
2019-09-24 11:06:03;Пополнение;1;765
2019-09-16 17:03:34;Пополнение;1;123
2019-09-16 16:56:26;Пополнение;1;123
2019-09-16 16:46:12;Пополнение;1;123
2019-09-04 10:25:59;Вывод;1;123
2019-09-04 10:21:20;Вывод;1;123
2019-09-03 11:16:39;Вывод;1;123
2019-09-03 11:15:38;Вывод;1;123
2019-08-27 11:24:35;Перевод;1;10.1
2019-08-23 15:31:43;Вывод;1;123
2019-08-23 15:10:11;Вывод;1;104
2019-08-23 15:10:11;Вывод;1;232
2019-08-23 15:10:11;Вывод;1;102
2019-08-23 15:08:51;Вывод;1;104
2019-08-23 15:08:51;Вывод;1;232
2019-08-23 15:08:51;Вывод;1;102
2019-08-23 15:08:34;Вывод;1;104
2019-08-23 15:08:33;Вывод;1;232
2019-08-23 15:08:33;Вывод;1;102
2019-08-23 15:05:05;Вывод;1;102
2019-08-23 14:31:18;Вывод;1;123
2019-08-23 11:53:02;Вывод;1;1233
2019-07-17 16:11:55;Пополнение;1;123
2019-07-15 18:06:20;Вывод;1;9999
2019-07-15 18:06:17;Вывод;1;200000
2019-07-15 18:05:44;Пополнение;1;17000
2019-07-15 18:05:43;Пополнение;1;20000
2019-07-15 18:05:35;Пополнение;1;15000
2019-07-15 18:05:10;Пополнение;1;4331
2019-07-15 18:05:10;Пополнение;1;4331
2019-07-15 18:05:10;Пополнение;1;4331
2019-07-15 18:05:09;Пополнение;1;4331
2019-07-15 18:05:09;Пополнение;1;4331
2019-07-15 18:05:09;Пополнение;1;4331
2019-07-15 18:05:09;Пополнение;1;4331
2019-07-15 18:05:09;Пополнение;1;4331
2019-07-15 18:05:08;Пополнение;1;4331
2019-07-15 18:05:08;Пополнение;1;4331
2019-07-15 18:05:08;Пополнение;1;4331
2019-07-15 18:05:08;Пополнение;1;4331
2019-07-15 18:05:07;Пополнение;1;4331
2019-07-15 18:05:07;Пополнение;1;4331
2019-07-15 18:05:07;Пополнение;1;4331
2019-07-15 18:05:06;Пополнение;1;4331
2019-07-15 18:05:06;Пополнение;1;4331
2019-07-15 18:05:06;Пополнение;1;4331
2019-07-15 18:05:06;Пополнение;1;4331
2019-07-15 18:05:06;Пополнение;1;4331
2019-07-15 18:05:05;Пополнение;1;4331
2019-07-15 18:05:05;Пополнение;1;4331
2019-07-15 18:05:05;Пополнение;1;4331
2019-07-15 18:05:05;Пополнение;1;4331
2019-07-15 18:05:05;Пополнение;1;4331
2019-07-15 18:05:04;Пополнение;1;4331
2019-07-15 18:05:04;Пополнение;1;4331
2019-07-15 18:05:04;Пополнение;1;4331
2019-07-15 18:05:04;Пополнение;1;4331
2019-07-15 18:05:03;Пополнение;1;4331
2019-07-15 18:05:03;Пополнение;1;4331
2019-07-15 18:05:03;Пополнение;1;4331
2019-07-15 18:05:03;Пополнение;1;4331
2019-07-15 18:05:03;Пополнение;1;4331
2019-07-15 18:05:02;Пополнение;1;4331
2019-07-15 18:05:02;Пополнение;1;4331
2019-07-15 18:05:02;Пополнение;1;4331
2019-07-15 18:05:01;Пополнение;1;4331
2019-07-15 18:05:01;Пополнение;1;4331
2019-07-15 18:05:01;Пополнение;1;4331
2019-07-15 18:05:00;Пополнение;1;4331
2019-07-15 18:05:00;Пополнение;1;4331
2019-07-15 18:04:59;Пополнение;1;4331
2019-07-15 18:04:59;Пополнение;1;4331
2019-07-15 18:04:58;Пополнение;1;4331
2019-07-15 18:04:58;Пополнение;1;4331
2019-07-15 18:04:58;Пополнение;1;4331
2019-07-15 18:04:57;Пополнение;1;4331
2019-07-15 18:04:54;Пополнение;1;4331
2019-07-15 18:04:54;Пополнение;1;4331
2019-07-15 18:04:53;Пополнение;1;4331
2019-07-15 18:04:52;Пополнение;1;4331
2019-07-15 18:04:50;Пополнение;1;4331
2019-07-15 17:44:03;Пополнение;1;4331
2019-07-15 17:43:45;Пополнение;1;100
2019-07-01 17:48:01;Пополнение;1;100
2019-06-27 12:50:13;Перевод;1;100
2019-06-27 12:18:45;Перевод;1;100
2019-06-27 12:16:43;Перевод;1;100
2019-06-27 12:11:31;Перевод;1;100
2019-06-27 10:59:35;Пополнение;1;100.1
2019-06-27 10:56:51;Пополнение;1;100.1
2019-06-27 10:44:14;Вывод;1;100.3
2019-06-27 10:40:31;Перевод;1;100.1
2019-06-27 10:37:23;Перевод;1;100.1
2019-06-27 10:35:36;Перевод;1;100.1
2019-06-27 10:22:48;Пополнение;1;100.08
2019-06-27 10:22:03;Пополнение;1;100.9
2019-06-27 10:18:52;Пополнение;1;100
2019-06-27 10:16:32;Вывод;1;305
2019-06-27 09:53:30;Перевод;1;100
2019-06-26 15:10:14;Вывод;1;100
2019-06-26 15:04:47;Вывод;1;100
2019-06-26 13:13:32;Пополнение;1;1000
2019-06-26 13:10:14;Перевод;1;123
2019-06-26 12:54:40;Перевод;1;123
2019-06-26 12:52:43;Перевод;1;100
2019-06-26 11:34:30;Пополнение;1;100
2019-06-26 11:33:54;Перевод;1;150
2019-06-26 11:33:12;Пополнение;1;100
2019-06-26 11:29:25;Пополнение;1;100
